date,close,volume,open,high,low,symbol
2020-11-03,3048.41,4897880,3018.53,3074.9,2980.98,AMZN
2020-11-02,3004.48,7257350,3061.74,3079.705,2950.12,AMZN
2020-10-30,3036.15,8396081,3157.75,3167.004,3019.0,AMZN
2020-10-29,3211.01,6596529,3201.27,3257.25,3164.0,AMZN
2020-10-28,3162.78,5588330,3249.3,3264.02,3162.47,AMZN
2020-10-27,3286.33,4291047,3224.94,3291.66,3211.3,AMZN
2020-10-26,3207.04,5901151,3198.74,3282.9799,3153.3,AMZN
2020-10-23,3204.4,3466687,3191.0,3205.33,3140.0,AMZN
2020-10-22,3176.4,4212005,3189.87,3198.75,3121.94,AMZN
2020-10-21,3184.94,4592736,3212.5,3233.875,3160.0,AMZN
2020-10-20,3217.01,4509678,3222.28,3266.0,3192.01,AMZN
2020-10-19,3207.21,5223626,3299.61,3329.0,3192.735,AMZN
2020-10-16,3272.71,6474353,3363.23,3399.6606,3160.0,AMZN
2020-10-15,3338.65,5223448,3292.01,3355.88,3280.0,AMZN
2020-10-14,3363.71,5828916,3447.0,3464.88,3340.0,AMZN
2020-10-13,3443.63,5744697,3467.99,3492.38,3424.217,AMZN
2020-10-12,3442.93,8364198,3349.94,3496.24,3339.55,AMZN
2020-10-09,3286.65,4907871,3210.0,3288.99,3197.83,AMZN
2020-10-08,3190.55,3174114,3224.99,3233.2944,3174.99,AMZN
2020-10-07,3195.69,4309439,3135.0,3200.0,3132.385,AMZN
2020-10-06,3099.96,5086857,3165.0,3182.0,3090.0,AMZN
2020-10-05,3199.2,3775332,3145.84,3202.53,3140.85,AMZN
2020-10-02,3125.0,5613098,3153.63,3195.7965,3123.0,AMZN
2020-10-01,3221.26,4971922,3208.0,3224.0,3172.0,AMZN
2020-09-30,3148.73,4896101,3141.14,3212.88,3133.99,AMZN
2020-09-29,3144.88,3503398,3175.39,3188.26,3132.54,AMZN
2020-09-28,3174.05,4224165,3148.85,3175.04,3117.1684,AMZN
2020-09-25,3095.13,4615202,3054.86,3101.54,2999.0,AMZN
2020-09-24,3019.79,5529392,2977.79,3069.3,2965.0,AMZN
2020-09-23,2999.86,5652665,3120.43,3126.999,2992.3759,AMZN
2020-09-22,3128.99,6948816,3033.835,3133.99,3000.2,AMZN
2020-09-21,2960.47,6117925,2906.5,2962.0,2871.0,AMZN
2020-09-18,2954.91,8892580,3031.74,3037.8,2905.54,AMZN
2020-09-17,3008.73,6449050,3009.25,3029.432,2972.55,AMZN
2020-09-16,3078.1,4531189,3179.99,3187.238,3074.15,AMZN
2020-09-15,3156.13,4021535,3136.16,3175.02,3108.92,AMZN
2020-09-14,3102.97,4529596,3172.937,3187.39,3096.0,AMZN
2020-09-11,3116.22,5093982,3208.69,3217.3409,3083.98,AMZN
2020-09-10,3175.11,5330741,3307.219,3349.89,3170.55,AMZN
2020-09-09,3268.61,5188675,3202.99,3303.175,3185.0,AMZN
2020-09-08,3149.84,6094205,3144.0,3250.845,3130.0,AMZN
2020-09-04,3294.62,8781754,3318.0,3381.5,3111.13,AMZN
2020-09-03,3368.0,8161113,3485.0,3488.41,3303.0,AMZN
2020-09-02,3531.45,3931476,3547.0,3552.25,3486.685,AMZN
2020-09-01,3499.12,3476407,3489.58,3513.87,3467.0,AMZN
2020-08-31,3450.96,4185885,3408.99,3495.0,3405.0,AMZN
2020-08-28,3401.8,2896978,3423.0,3433.3699,3386.5,AMZN
2020-08-27,3400.0,4264795,3450.05,3453.0,3378.0,AMZN
2020-08-26,3441.85,6508743,3351.11,3451.7387,3344.5675,AMZN
2020-08-25,3346.49,3992842,3294.99,3357.4,3267.0,AMZN
2020-08-24,3307.46,4666258,3310.15,3380.315,3257.5608,AMZN
2020-08-21,3284.72,3575862,3295.0,3314.3962,3275.39,AMZN
2020-08-20,3297.37,3332478,3252.0,3312.62,3238.0,AMZN
2020-08-19,3260.48,4185137,3303.01,3315.9,3256.0001,AMZN
2020-08-18,3312.49,5345974,3212.0,3320.0,3205.8187,AMZN
2020-08-17,3182.41,2691237,3173.12,3194.97,3154.1775,AMZN
2020-08-14,3148.02,2751723,3178.18,3178.2357,3120.0,AMZN
2020-08-13,3161.02,3149043,3182.99,3217.5211,3155.0,AMZN
2020-08-12,3162.24,3527229,3108.0,3174.385,3101.42,AMZN
2020-08-11,3080.67,3718057,3113.2,3159.22,3073.0,AMZN
2020-08-10,3148.16,3167274,3170.31,3172.51,3101.52,AMZN
2020-08-07,3167.46,3936127,3224.01,3240.81,3140.6726,AMZN
2020-08-06,3225.0,3940602,3194.36,3247.47,3165.43,AMZN
2020-08-05,3205.03,3930025,3143.77,3213.5859,3127.3,AMZN
2020-08-04,3138.83,4694294,3101.21,3167.24,3101.21,AMZN
2020-08-03,3111.89,5074663,3180.51,3184.0,3104.0,AMZN
2020-07-31,3164.68,8083369,3244.0,3246.82,3151.0,AMZN
2020-07-30,3051.88,6128265,3014.0,3092.0,3005.0,AMZN
2020-07-29,3033.53,2974060,3030.99,3039.1592,2996.77,AMZN
2020-07-28,3000.33,3126651,3054.27,3077.0926,2995.76,AMZN
2020-07-27,3055.21,4170492,3062.0,3098.0,3015.77,AMZN
2020-07-24,3008.91,5632413,2930.0,3031.58,2888.0,AMZN
2020-07-23,2986.55,5656906,3098.2713,3098.2713,2970.0,AMZN
2020-07-22,3099.91,4104225,3125.0,3149.9999,3065.26,AMZN
2020-07-21,3138.29,6134965,3232.49,3240.5758,3105.72,AMZN
2020-07-20,3196.84,7598176,3000.2,3201.3599,2994.0172,AMZN
2020-07-17,2961.97,4761319,3009.0,3024.0,2948.45,AMZN
2020-07-16,2999.9,6394246,2971.06,3032.0,2918.23,AMZN
2020-07-15,3008.87,5788874,3080.23,3098.35,2973.1801,AMZN
2020-07-14,3084.0,7231933,3089.0,3127.38,2950.0,AMZN
2020-07-13,3104.0,7720420,3251.06,3344.29,3068.3901,AMZN
2020-07-10,3200.0,5485982,3191.76,3215.0,3135.7,AMZN
2020-07-09,3182.63,6388659,3115.99,3193.8799,3074.0016,AMZN
2020-07-08,3081.11,5037635,3022.61,3083.97,3012.4301,AMZN
2020-07-07,3000.12,5257514,3058.55,3069.55,2990.0,AMZN
2020-07-06,3057.04,6880642,2934.97,3059.88,2930.0,AMZN
2020-07-02,2890.3,6593387,2912.01,2955.56,2871.1021,AMZN
2020-07-01,2878.7,6363439,2757.99,2895.0,2754.0,AMZN
2020-06-30,2758.82,3769686,2685.065,2769.63,2675.03,AMZN
2020-06-29,2680.38,4223422,2690.01,2696.8,2630.08,AMZN
2020-06-26,2692.87,6500784,2775.056,2782.5688,2688.0,AMZN
2020-06-25,2754.58,2968657,2739.55,2756.23,2712.14,AMZN
2020-06-24,2734.4,4526605,2780.0,2796.0,2721.0,AMZN
2020-06-23,2764.41,4231707,2726.02,2783.11,2718.04,AMZN
2020-06-22,2713.82,3208780,2684.5,2715.0,2669.0,AMZN
2020-06-19,2675.01,5776963,2678.08,2697.43,2659.0,AMZN
2020-06-18,2653.98,2487774,2647.01,2659.64,2636.11,AMZN
2020-06-17,2640.98,2959316,2647.5,2655.0,2631.82,AMZN
2020-06-16,2615.27,3595649,2620.0,2620.0,2576.0,AMZN
2020-06-15,2572.68,3873335,2526.6,2584.0,2508.0001,AMZN
2020-06-12,2545.02,5436127,2601.21,2621.4766,2503.35,AMZN
2020-06-11,2557.96,5800107,2603.5,2671.38,2536.23,AMZN
2020-06-10,2647.45,4946031,2645.0,2722.35,2626.26,AMZN
2020-06-09,2600.86,5175950,2529.44,2626.43,2525.0,AMZN
2020-06-08,2524.06,3970654,2500.2,2530.0,2487.335,AMZN
2020-06-05,2483.0,3306445,2444.51,2488.645,2437.13,AMZN
2020-06-04,2460.6,2948710,2477.43,2507.54,2450.01,AMZN
2020-06-03,2478.4,2671024,2468.01,2488.0,2461.17,AMZN
2020-06-02,2472.41,2529903,2467.0,2473.53,2445.31,AMZN
2020-06-01,2471.04,2938032,2448.0,2476.93,2444.17,AMZN
2020-05-29,2442.37,3529329,2415.94,2442.37,2398.1973,AMZN
2020-05-28,2401.1,3193136,2384.33,2436.9699,2378.23,AMZN
2020-05-27,2410.39,5056945,2404.99,2413.58,2330.0,AMZN
2020-05-26,2421.86,3568153,2458.0,2462.0,2414.06,AMZN
2020-05-22,2436.88,2867079,2455.01,2469.85,2430.13,AMZN
2020-05-21,2446.74,5114403,2500.0,2525.45,2442.54,AMZN
2020-05-20,2497.94,3998143,2477.87,2500.01,2467.27,AMZN
2020-05-19,2449.33,4320498,2429.83,2484.995,2428.97,AMZN
2020-05-18,2426.26,4366572,2404.346,2433.0,2384.01,AMZN
2020-05-15,2409.78,4234951,2368.52,2411.0,2356.37,AMZN
2020-05-14,2388.85,3648128,2361.01,2391.37,2353.21,AMZN
2020-05-13,2367.92,4782919,2366.8,2407.7,2337.805,AMZN
2020-05-12,2356.95,3074916,2411.85,2418.9999,2355.0,AMZN
2020-05-11,2409.0,3259231,2374.7,2419.665,2372.11,AMZN
2020-05-08,2379.61,3211228,2372.14,2387.2449,2357.0,AMZN
2020-05-07,2367.61,3396411,2374.78,2376.0,2343.11,AMZN
2020-05-06,2351.26,3117814,2329.44,2357.45,2320.0,AMZN
2020-05-05,2317.8,3242496,2340.0,2351.0,2307.1251,AMZN
2020-05-04,2315.99,4865926,2256.38,2326.98,2256.38,AMZN
2020-11-03,158.21,8001436,153.22,161.05,151.1,SQ
2020-11-02,155.23,8753566,158.0,161.24,152.1,SQ
2020-10-30,154.88,14948430,166.49,167.3974,152.43,SQ
2020-10-29,169.86,4431756,170.08,172.08,168.11,SQ
2020-10-28,167.13,5420308,166.59,168.9399,164.45,SQ
2020-10-27,171.02,6937558,175.31,176.26,169.26,SQ
2020-10-26,169.89,6489402,175.01,176.86,166.77,SQ
2020-10-23,176.77,4167570,177.5,177.79,173.34,SQ
2020-10-22,175.93,6681642,178.5,181.98,173.61,SQ
2020-10-21,177.82,10477240,183.55,184.74,175.5901,SQ
2020-10-20,185.74,4875972,188.1,189.7,184.33,SQ
2020-10-19,186.96,5454020,188.11,191.3999,185.91,SQ
2020-10-16,186.35,5299708,191.68,192.84,184.7,SQ
2020-10-15,188.6,6818697,182.6,188.68,181.2,SQ
2020-10-14,187.49,6176616,191.59,193.4399,185.11,SQ
2020-10-13,190.47,6399879,186.81,191.36,186.0,SQ
2020-10-12,185.17,7964706,190.68,191.94,184.26,SQ
2020-10-09,187.28,6719664,185.12,188.74,183.73,SQ
2020-10-08,183.5,7133438,183.18,185.3699,181.72,SQ
2020-10-07,180.18,7119275,180.61,182.75,179.02,SQ
2020-10-06,175.34,12543960,180.13,182.24,172.61,SQ
2020-10-05,180.92,16666740,172.43,181.89,171.5,SQ
2020-10-02,169.61,11160160,164.05,171.24,163.8006,SQ
2020-10-01,168.49,6723499,166.14,168.61,164.5801,SQ
2020-09-30,162.55,6561202,164.47,166.19,161.23,SQ
2020-09-29,164.81,12088370,164.0,167.56,163.13,SQ
2020-09-28,160.76,10287140,160.49,164.5,158.23,SQ
2020-09-25,157.72,8782784,153.06,158.98,151.751,SQ
2020-09-24,152.31,13213850,151.01,155.9227,148.0,SQ
2020-09-23,149.59,8866980,155.87,157.98,147.8,SQ
2020-09-22,155.59,11189710,152.82,156.34,148.59,SQ
2020-09-21,151.12,12662660,140.42,151.98,139.3101,SQ
2020-09-18,145.01,8886573,147.37,149.13,141.64,SQ
2020-09-17,145.64,11972190,146.27,147.6899,142.24,SQ
2020-09-16,151.05,10207730,155.2,159.0,149.8801,SQ
2020-09-15,154.5,18549990,146.13,158.5,146.13,SQ
2020-09-14,144.4,7754847,140.07,145.4,138.81,SQ
2020-09-11,137.45,8428436,143.9098,143.9098,134.26,SQ
2020-09-10,141.07,6711455,147.02,148.545,139.82,SQ
2020-09-09,144.21,9463558,145.65,145.65,139.25,SQ
2020-09-08,139.11,10681380,137.01,146.14,136.89,SQ
2020-09-04,146.39,17995160,149.63,152.22,134.0,SQ
2020-09-03,152.86,16421240,157.0,157.23,149.51,SQ
2020-09-02,162.88,11214780,170.6,170.61,158.11,SQ
2020-09-01,166.66,12318670,164.81,170.46,162.0,SQ
2020-08-31,159.56,7630240,157.0,160.7745,156.02,SQ
2020-08-28,155.93,6296358,159.15,159.15,154.06,SQ
2020-08-27,155.61,11617220,156.87,161.5399,155.5,SQ
2020-08-26,153.74,7689908,156.09,158.69,151.73,SQ
2020-08-25,155.0,6429420,151.8,155.74,149.0,SQ
2020-08-24,151.79,8807667,159.0,159.0,150.98,SQ
2020-08-21,155.1,8630546,156.4,159.47,153.12,SQ
2020-08-20,155.86,12428090,150.17,158.1,149.82,SQ
2020-08-19,150.37,6539856,151.22,152.355,148.56,SQ
2020-08-18,151.04,8523389,151.97,153.19,147.4121,SQ
2020-08-17,152.48,13280510,144.49,153.68,143.18,SQ
2020-08-14,141.96,6654720,143.89,143.9999,139.7303,SQ
2020-08-13,143.19,9834960,140.9,145.51,140.2,SQ
2020-08-12,139.02,10603820,140.01,143.42,137.69,SQ
2020-08-11,138.25,13157140,137.94,142.9475,135.03,SQ
2020-08-10,139.34,13066330,147.53,147.82,138.66,SQ
2020-08-07,147.22,15577280,151.51,153.8399,143.35,SQ
2020-08-06,154.0,19352780,149.76,155.89,149.12,SQ
2020-08-05,146.55,39629710,153.16,158.43,146.2,SQ
2020-08-04,136.83,10870280,135.88,137.8,133.6,SQ
2020-08-03,134.8,11472570,130.26,136.135,130.26,SQ
2020-07-31,129.85,8606777,131.34,131.9,127.36,SQ
2020-07-30,129.13,10192330,128.54,131.37,125.33,SQ
2020-07-29,128.55,8693399,125.14,128.95,124.9,SQ
2020-07-28,123.51,7126066,125.2,127.53,123.32,SQ
2020-07-27,125.75,9685703,124.62,126.77,122.34,SQ
2020-07-24,121.41,8059974,119.89,122.91,117.0,SQ
2020-07-23,122.93,11010220,127.74,129.8494,121.32,SQ
2020-07-22,129.18,8437494,127.49,131.71,127.06,SQ
2020-07-21,126.99,10787520,129.95,130.8,125.07,SQ
2020-07-20,128.39,12423990,121.26,129.46,120.53,SQ
2020-07-17,120.73,6968161,120.98,122.38,118.59,SQ
2020-07-16,119.95,11827550,119.94,123.3,117.55,SQ
2020-07-15,122.2,9606889,124.01,124.48,117.66,SQ
2020-07-14,121.24,17175130,118.59,121.8536,111.14,SQ
2020-07-13,118.65,18489530,131.05,133.24,116.67,SQ
2020-07-10,128.05,11260840,128.39,129.6,125.255,SQ
2020-07-09,129.39,21959350,132.54,133.81,127.67,SQ
2020-07-08,133.35,25627380,127.2,133.43,127.0,SQ
2020-07-07,125.6,28573940,121.2,129.84,120.03,SQ
2020-07-06,118.97,34424020,118.79,128.36,118.03,SQ
2020-07-02,113.39,15066350,118.0,118.78,113.23,SQ
2020-07-01,115.9,22480940,106.92,117.13,106.54,SQ
2020-06-30,104.94,7605064,103.5,105.3,102.8875,SQ
2020-06-29,103.68,9210828,105.15,105.28,101.22,SQ
2020-06-26,104.3,19759110,105.03,107.84,102.5176,SQ
2020-06-25,104.78,13569790,102.46,106.15,101.286,SQ
2020-06-24,100.88,13250380,104.0,105.7492,98.93,SQ
2020-06-23,104.75,14042840,105.0,106.36,103.05,SQ
2020-06-22,104.22,17116980,99.74,105.46,99.25,SQ
2020-06-19,97.98,13879790,100.1,102.26,97.92,SQ
2020-06-18,98.27,8766867,97.0,98.6499,95.82,SQ
2020-06-17,97.03,17113700,94.78,100.0,94.7,SQ
2020-06-16,94.74,13026440,93.07,95.8681,92.56,SQ
2020-06-15,91.0,9813033,84.79,91.3,84.06,SQ
2020-06-12,86.72,9937283,89.02,89.18,84.25,SQ
2020-06-11,86.09,14754700,87.75,90.0,85.77,SQ
2020-06-10,91.91,9486666,90.26,92.97,89.5,SQ
2020-06-09,89.53,7748990,89.02,91.6538,87.87,SQ
2020-06-08,89.62,8751124,90.5,91.23,88.03,SQ
2020-06-05,89.93,11127650,90.0,91.45,88.067,SQ
2020-06-04,87.72,13368100,90.96,92.9599,86.19,SQ
2020-06-03,91.97,17089220,88.0,92.5496,87.09,SQ
2020-06-02,88.0,18364240,82.96,88.27,82.38,SQ
2020-06-01,82.72,8709651,81.0,83.42,80.12,SQ
2020-05-29,81.08,8329131,79.73,81.95,79.34,SQ
2020-05-28,79.62,9942677,81.02,82.32,79.0,SQ
2020-05-27,81.02,11637080,80.04,81.14,76.02,SQ
2020-05-26,80.79,9682757,83.98,84.09,80.5,SQ
2020-05-22,81.49,6262001,81.23,82.49,80.83,SQ
2020-05-21,81.49,10082070,79.5,81.7,78.76,SQ
2020-05-20,82.04,10152180,81.5,83.1,80.52,SQ
2020-05-19,79.25,14225550,76.45,82.14,76.25,SQ
2020-05-18,76.63,16255260,78.7,81.35,76.44,SQ
2020-05-15,80.26,16311990,77.75,81.13,76.65,SQ
2020-05-14,78.2,16038940,72.17,78.25,71.07,SQ
2020-05-13,73.79,13970120,75.32,75.8,70.82,SQ
2020-05-12,75.21,17015470,76.0,77.39,74.31,SQ
2020-05-11,74.9,12720570,75.7,75.9027,74.36,SQ
2020-05-08,76.05,20041140,72.04,76.4,72.0,SQ
2020-05-07,74.62,31027020,69.86,76.8,69.58,SQ
2020-05-06,68.1,16202940,67.32,69.81,67.12,SQ
2020-05-05,66.69,12011490,66.0,68.59,65.21,SQ
2020-05-04,63.69,7556932,61.34,64.17,61.09,SQ
2020-11-03,206.43,27512030,203.89,208.12,203.12,MSFT
2020-11-02,202.33,30842160,204.29,205.28,200.12,MSFT
2020-10-30,202.47,36980110,203.5,204.29,199.62,MSFT
2020-10-29,204.72,31432560,204.07,207.36,203.37,MSFT
2020-10-28,202.68,51195590,207.67,208.84,202.1,MSFT
2020-10-27,213.25,36700330,211.59,214.67,210.329,MSFT
2020-10-26,210.08,37111560,213.85,216.3399,208.1,MSFT
2020-10-23,216.23,18879610,215.03,216.28,213.16,MSFT
2020-10-22,214.89,22351450,213.93,216.055,211.7,MSFT
2020-10-21,214.8,22724910,213.12,216.92,213.12,MSFT
2020-10-20,214.65,22753510,215.8,217.37,213.0901,MSFT
2020-10-19,214.22,27625840,220.415,222.3,213.72,MSFT
2020-10-16,219.66,26057880,220.15,222.29,219.32,MSFT
2020-10-15,219.66,22733060,217.1,220.36,216.01,MSFT
2020-10-14,220.86,23451710,223.0,224.22,219.13,MSFT
2020-10-13,222.86,28950840,222.72,225.21,220.43,MSFT
2020-10-12,221.4,40461370,218.79,223.86,216.81,MSFT
2020-10-09,215.81,26458050,211.23,215.86,211.23,MSFT
2020-10-08,210.58,19925840,210.51,211.19,208.32,MSFT
2020-10-07,209.83,25681050,207.06,210.11,206.72,MSFT
2020-10-06,205.91,28554260,208.82,210.18,204.82,MSFT
2020-10-05,210.38,21331560,207.22,210.41,206.98,MSFT
2020-10-02,206.19,33154780,208.0,210.99,205.54,MSFT
2020-10-01,212.46,27158420,213.49,213.99,211.32,MSFT
2020-09-30,210.33,33829090,207.73,211.98,206.54,MSFT
2020-09-29,207.26,24464470,209.35,210.07,206.81,MSFT
2020-09-28,209.44,32004940,210.88,212.57,208.06,MSFT
2020-09-25,207.82,29437310,203.55,209.04,202.54,MSFT
2020-09-24,203.19,31202490,199.85,205.57,199.2,MSFT
2020-09-23,200.59,30803780,207.9,208.1,200.03,MSFT
2020-09-22,207.42,33517070,205.06,208.1,202.075,MSFT
2020-09-21,202.54,39839660,197.19,202.71,196.38,MSFT
2020-09-18,200.39,55225330,202.8,203.65,196.25,MSFT
2020-09-17,202.91,34011260,200.05,204.33,199.96,MSFT
2020-09-16,205.05,26372460,210.62,210.65,204.64,MSFT
2020-09-15,208.78,21823940,208.42,209.78,206.93,MSFT
2020-09-14,205.41,30375770,204.24,209.2,204.03,MSFT
2020-09-11,204.03,33620070,207.2,208.63,201.24,MSFT
2020-09-10,205.37,35461510,213.4,214.74,204.11,MSFT
2020-09-09,211.29,45678990,207.6,214.8399,206.7,MSFT
2020-09-08,202.66,52924330,206.5,210.03,202.2,MSFT
2020-09-04,214.25,59664070,215.1,218.3599,205.19,MSFT
2020-09-03,217.3,58400290,229.27,229.31,214.9602,MSFT
2020-09-02,231.65,34080840,227.97,232.86,227.35,MSFT
2020-09-01,227.27,25791240,225.51,227.45,224.43,MSFT
2020-08-31,225.53,28774160,227.0,228.7,224.31,MSFT
2020-08-28,228.91,26292900,228.18,230.644,226.58,MSFT
2020-08-27,226.58,57602200,222.89,231.15,219.4,MSFT
2020-08-26,221.15,39600830,217.88,222.09,217.36,MSFT
2020-08-25,216.47,23043700,213.1,216.61,213.1,MSFT
2020-08-24,213.69,25460150,214.79,215.52,212.43,MSFT
2020-08-21,213.02,36249320,213.86,216.25,212.85,MSFT
2020-08-20,214.58,26981480,209.54,215.0,208.91,MSFT
2020-08-19,209.7,27627560,211.49,212.1,209.25,MSFT
2020-08-18,211.49,21336170,210.53,212.36,209.21,MSFT
2020-08-17,210.28,20184760,209.6,211.1874,208.915,MSFT
2020-08-14,208.9,17958940,208.76,209.59,207.51,MSFT
2020-08-13,208.7,22588870,209.44,211.35,208.15,MSFT
2020-08-12,209.19,28041360,205.29,210.28,204.75,MSFT
2020-08-11,203.38,36446460,207.155,207.65,203.14,MSFT
2020-08-10,208.25,36716460,211.67,211.88,206.35,MSFT
2020-08-07,212.48,27820420,214.85,215.7,210.93,MSFT
2020-08-06,216.35,32656840,212.34,216.3705,211.55,MSFT
2020-08-05,212.94,28858620,214.9,215.0,211.57,MSFT
2020-08-04,213.29,49280060,214.17,214.77,210.31,MSFT
2020-08-03,216.54,78983010,211.52,217.64,210.44,MSFT
2020-07-31,205.01,51247970,204.4,205.1,199.01,MSFT
2020-07-30,203.9,25079600,201.0,204.46,199.57,MSFT
2020-07-29,204.06,19632600,202.5,204.65,202.01,MSFT
2020-07-28,202.02,23251390,203.61,204.7,201.74,MSFT
2020-07-27,203.85,30160870,201.47,203.97,200.86,MSFT
2020-07-24,201.3,39826990,200.42,202.86,197.51,MSFT
2020-07-23,202.54,67457040,207.19,210.92,202.15,MSFT
2020-07-22,211.75,49605690,209.2,212.3,208.39,MSFT
2020-07-21,208.75,38105780,213.66,213.94,208.03,MSFT
2020-07-20,211.6,36884840,205.0,212.3,203.01,MSFT
2020-07-17,202.88,31635280,204.47,205.04,201.39,MSFT
2020-07-16,203.92,29940650,205.4,205.7,202.31,MSFT
2020-07-15,208.04,32179410,209.56,211.33,205.03,MSFT
2020-07-14,208.35,37591820,206.13,208.85,202.03,MSFT
2020-07-13,207.07,38135610,214.48,215.8,206.5,MSFT
2020-07-10,213.67,26177630,213.62,214.08,211.08,MSFT
2020-07-09,214.32,33121680,216.33,216.38,211.47,MSFT
2020-07-08,212.83,33600030,210.07,213.26,208.69,MSFT
2020-07-07,208.25,33600730,210.45,214.67,207.99,MSFT
2020-07-06,210.7,31897630,208.834,211.13,208.09,MSFT
2020-07-02,206.26,29315760,205.68,208.02,205.0,MSFT
2020-07-01,204.7,32061210,203.14,206.35,201.77,MSFT
2020-06-30,203.51,34310280,197.882,204.4,197.74,MSFT
2020-06-29,198.44,26701590,195.78,198.53,193.55,MSFT
2020-06-26,196.33,54675780,199.73,199.89,194.88,MSFT
2020-06-25,200.34,27803930,197.8,200.61,195.4675,MSFT
2020-06-24,197.84,36740650,201.604,203.25,196.56,MSFT
2020-06-23,201.91,30917450,202.09,203.95,201.425,MSFT
2020-06-22,200.57,32818930,195.79,200.76,195.2301,MSFT
2020-06-19,195.15,44441140,198.59,199.29,194.37,MSFT
2020-06-18,196.32,23061650,194.0,196.49,194.0,MSFT
2020-06-17,194.24,25687820,195.03,196.32,193.69,MSFT
2020-06-16,193.57,42556660,192.89,195.58,191.46,MSFT
2020-06-15,188.94,32770190,184.58,190.82,184.01,MSFT
2020-06-12,187.74,43373590,190.54,191.72,185.18,MSFT
2020-06-11,186.27,52854670,193.13,195.76,186.07,MSFT
2020-06-10,196.84,43872330,191.125,198.52,191.01,MSFT
2020-06-09,189.8,29783920,188.0,190.7,187.2605,MSFT
2020-06-08,188.36,33211590,185.94,188.55,184.44,MSFT
2020-06-05,187.2,39893640,182.62,187.73,182.01,MSFT
2020-06-04,182.92,28761810,184.3,185.84,182.3,MSFT
2020-06-03,185.36,27311020,184.815,185.94,183.58,MSFT
2020-06-02,184.91,30794590,184.25,185.0,181.35,MSFT
2020-06-01,182.83,22668820,182.54,183.0,181.46,MSFT
2020-05-29,183.25,42146720,182.73,184.27,180.41,MSFT
2020-05-28,181.4,33831820,180.74,184.1474,180.38,MSFT
2020-05-27,181.81,39517150,180.2,181.9877,176.6,MSFT
2020-05-26,181.57,36073610,186.34,186.5,181.1,MSFT
2020-05-22,183.51,20826900,183.19,184.46,182.54,MSFT
2020-05-21,183.43,29119510,185.4,186.67,183.29,MSFT
2020-05-20,185.66,31261330,184.81,185.85,183.94,MSFT
2020-05-19,183.63,26799120,185.03,186.6,183.49,MSFT
2020-05-18,184.91,35306620,185.75,186.2,183.96,MSFT
2020-05-15,183.16,46610380,179.06,187.06,177.0,MSFT
2020-05-14,180.53,41873910,177.54,180.69,175.68,MSFT
2020-05-13,179.75,44711490,182.55,184.05,176.54,MSFT
2020-05-12,182.51,32038200,186.8,187.04,182.3,MSFT
2020-05-11,186.74,30892660,183.15,187.51,182.85,MSFT
2020-05-08,184.68,30912640,184.98,185.0,183.36,MSFT
2020-05-07,183.6,28315990,184.17,184.55,182.58,MSFT
2020-05-06,182.54,32139300,182.08,184.2,181.6306,MSFT
2020-05-05,180.76,36839170,180.62,183.65,179.9,MSFT
2020-05-04,178.84,30372860,174.49,179.0,173.8,MSFT
2020-11-03,110.44,107624400,109.66,111.49,108.73,AAPL
2020-11-02,108.77,122866900,109.11,110.68,107.32,AAPL
2020-10-30,108.86,190573500,111.06,111.99,107.72,AAPL
2020-10-29,115.32,146129200,112.37,116.93,112.2,AAPL
2020-10-28,111.2,143937800,115.05,115.43,111.1,AAPL
2020-10-27,116.6,92276770,115.49,117.28,114.5399,AAPL
2020-10-26,115.05,111850700,114.01,116.55,112.88,AAPL
2020-10-23,115.04,82572650,116.39,116.55,114.28,AAPL
2020-10-22,115.75,101988000,117.45,118.04,114.59,AAPL
2020-10-21,116.87,89945980,116.67,118.705,116.45,AAPL
2020-10-20,117.51,124423700,116.2,118.98,115.63,AAPL
2020-10-19,115.98,120639300,119.96,120.419,115.66,AAPL
2020-10-16,119.02,115393800,121.28,121.548,118.81,AAPL
2020-10-15,120.71,112559200,118.72,121.2,118.15,AAPL
2020-10-14,121.19,151062300,121.0,123.03,119.62,AAPL
2020-10-13,121.1,262330500,125.27,125.39,119.65,AAPL
2020-10-12,124.4,240226800,120.06,125.18,119.2845,AAPL
2020-10-09,116.97,100506900,115.28,117.0,114.92,AAPL
2020-10-08,114.97,83477150,116.25,116.4,114.5901,AAPL
2020-10-07,115.08,96848990,114.62,115.55,114.13,AAPL
2020-10-06,113.16,161498200,115.7,116.12,112.25,AAPL
2020-10-05,116.5,106243800,113.91,116.65,113.55,AAPL
2020-10-02,113.02,144712000,112.89,115.37,112.22,AAPL
2020-10-01,116.79,116120400,117.64,117.72,115.83,AAPL
2020-09-30,115.81,142675200,113.79,117.26,113.62,AAPL
2020-09-29,114.09,100060500,114.55,115.31,113.57,AAPL
2020-09-28,114.96,137672400,115.01,115.32,112.78,AAPL
2020-09-25,112.28,149981400,108.43,112.44,107.67,AAPL
2020-09-24,108.22,167743300,105.17,110.25,105.0,AAPL
2020-09-23,107.12,150718700,111.62,112.11,106.77,AAPL
2020-09-22,111.81,183055400,112.68,112.86,109.16,AAPL
2020-09-21,110.08,195713800,104.54,110.19,103.1,AAPL
2020-09-18,106.84,287104900,110.4,110.88,106.09,AAPL
2020-09-17,110.34,178011000,109.72,112.2,108.71,AAPL
2020-09-16,112.13,155026700,115.23,116.0,112.04,AAPL
2020-09-15,115.54,184642000,118.33,118.829,113.61,AAPL
2020-09-14,115.355,140150100,114.72,115.93,112.8,AAPL
2020-09-11,112.0,180860300,114.57,115.23,110.0,AAPL
2020-09-10,113.49,182274400,120.36,120.5,112.5,AAPL
2020-09-09,117.32,176940500,117.26,119.14,115.26,AAPL
2020-09-08,112.82,231366600,113.95,118.99,112.68,AAPL
2020-09-04,120.96,332607200,120.07,123.7,110.89,AAPL
2020-09-03,120.88,257599600,126.91,128.84,120.5,AAPL
2020-09-02,131.4,200119000,137.59,137.98,127.0,AAPL
2020-09-01,134.18,152470100,132.76,134.8,130.53,AAPL
2020-08-31,129.04,225702700,127.58,131.0,126.0,AAPL
2020-08-28,124.8075,187629920,126.0125,126.4425,124.5775,AAPL
2020-08-27,125.01,155552400,127.1425,127.485,123.8325,AAPL
2020-08-26,126.5225,163022280,126.1793,126.9925,125.0825,AAPL
2020-08-25,124.825,211495800,124.6975,125.1793,123.0525,AAPL
2020-08-24,125.8575,345937760,128.6975,128.785,123.9363,AAPL
2020-08-21,124.37,338054640,119.2625,124.868,119.25,AAPL
2020-08-20,118.275,126907200,115.75,118.392,115.7334,AAPL
2020-08-19,115.7075,145538000,115.9833,117.1625,115.61,AAPL
2020-08-18,115.5625,105633560,114.3525,116.0,114.0075,AAPL
2020-08-17,114.6075,119561440,116.0625,116.0875,113.9625,AAPL
2020-08-14,114.9075,165565200,114.8288,115.0,113.045,AAPL
2020-08-13,115.01,210082080,114.43,116.0425,113.9275,AAPL
2020-08-12,113.01,165944840,110.4975,113.275,110.2975,AAPL
2020-08-11,109.375,187902360,111.9688,112.4825,109.1067,AAPL
2020-08-10,112.7275,212403440,112.6,113.775,110.0,AAPL
2020-08-07,111.1125,198045600,113.205,113.675,110.2925,AAPL
2020-08-06,113.9025,202428920,110.405,114.4125,109.7975,AAPL
2020-08-05,110.0625,121991960,109.3775,110.3925,108.8975,AAPL
2020-08-04,109.665,172792360,109.1325,110.79,108.3875,AAPL
2020-08-03,108.9375,308151400,108.2,111.6364,107.8925,AAPL
2020-07-31,106.26,374295480,102.8838,106.415,100.825,AAPL
2020-07-30,96.19,158130040,94.1875,96.2975,93.7675,AAPL
2020-07-29,95.04,90329240,93.75,95.23,93.7125,AAPL
2020-07-28,93.2525,103625520,94.3675,94.5497,93.2475,AAPL
2020-07-27,94.81,121214200,93.71,94.905,93.48,AAPL
2020-07-24,92.615,185438880,90.9875,92.97,89.145,AAPL
2020-07-23,92.845,197004440,96.9985,97.0775,92.0097,AAPL
2020-07-22,97.2725,89001640,96.6925,97.975,96.6025,AAPL
2020-07-21,97.0,103645840,99.1725,99.25,96.7425,AAPL
2020-07-20,98.3575,90317920,96.4163,98.5,96.0625,AAPL
2020-07-17,96.3275,92186920,96.9875,97.1475,95.84,AAPL
2020-07-16,96.5225,110577680,96.5625,97.405,95.905,AAPL
2020-07-15,97.725,153197920,98.99,99.2475,96.49,AAPL
2020-07-14,97.0575,170989360,94.84,97.255,93.8775,AAPL
2020-07-13,95.4775,191649160,97.265,99.955,95.2575,AAPL
2020-07-10,95.92,90257320,95.335,95.98,94.7052,AAPL
2020-07-09,95.6825,125642600,96.2625,96.3175,94.6725,AAPL
2020-07-08,95.3425,117091880,94.18,95.375,94.09,AAPL
2020-07-07,93.1725,112424440,93.8525,94.655,93.0575,AAPL
2020-07-06,93.4625,118655640,92.5,93.945,92.4675,AAPL
2020-07-02,91.0275,114041480,91.9625,92.6175,90.91,AAPL
2020-07-01,91.0275,110737240,91.28,91.84,90.9775,AAPL
2020-06-30,91.2,140223280,90.02,91.495,90.0,AAPL
2020-06-29,90.445,130646080,88.3125,90.5434,87.82,AAPL
2020-06-26,88.4075,205256840,91.1025,91.33,88.255,AAPL
2020-06-25,91.21,137522520,90.175,91.25,89.3925,AAPL
2020-06-24,90.015,192623400,91.25,92.1975,89.63,AAPL
2020-06-23,91.6325,212155480,91.0,93.095,90.5675,AAPL
2020-06-22,89.7175,135445280,87.835,89.865,87.7875,AAPL
2020-06-19,87.43,264475800,88.6587,89.14,86.2875,AAPL
2020-06-18,87.9325,96820400,87.8525,88.3625,87.305,AAPL
2020-06-17,87.8975,114406520,88.7875,88.85,87.7725,AAPL
2020-06-16,88.02,165428720,87.865,88.3,86.18,AAPL
2020-06-15,85.7475,138808920,83.3125,86.42,83.145,AAPL
2020-06-12,84.7,200146040,86.18,86.95,83.5558,AAPL
2020-06-11,83.975,201662440,87.3275,87.765,83.87,AAPL
2020-06-10,88.21,166651760,86.975,88.6925,86.5225,AAPL
2020-06-09,85.9975,147712360,83.035,86.4025,83.0025,AAPL
2020-06-08,83.365,95654520,82.5625,83.4,81.83,AAPL
2020-06-05,82.875,137250200,80.8375,82.9375,80.8075,AAPL
2020-06-04,80.58,87560360,81.0975,81.405,80.195,AAPL
2020-06-03,81.28,104491200,81.165,81.55,80.575,AAPL
2020-06-02,80.835,87642800,80.1863,80.86,79.7325,AAPL
2020-06-01,80.4625,81018600,79.4375,80.5875,79.3025,AAPL
2020-05-29,79.485,153598120,79.8125,80.2875,79.1175,AAPL
2020-05-28,79.5625,133796400,79.1925,80.86,78.9075,AAPL
2020-05-27,79.5275,112945080,79.035,79.6775,78.2725,AAPL
2020-05-26,79.1825,125521800,80.875,81.06,79.125,AAPL
2020-05-22,79.7225,81803000,78.9425,79.8075,78.8375,AAPL
2020-05-21,79.2125,102688840,79.665,80.2225,78.9675,AAPL
2020-05-20,79.8075,111504880,79.17,79.88,79.05,AAPL
2020-05-19,78.285,101729560,78.7575,79.63,78.2525,AAPL
2020-05-18,78.74,135372520,78.2925,79.125,77.581,AAPL
2020-05-15,76.9275,166348360,75.0875,76.975,75.0525,AAPL
2020-05-14,77.385,158929080,76.1275,77.4475,75.3825,AAPL
2020-05-13,76.9125,200622560,78.0375,78.9875,75.8025,AAPL
2020-05-12,77.8525,162301040,79.4575,79.922,77.7275,AAPL
2020-05-11,78.7525,145946240,77.025,79.2625,76.81,AAPL
2020-05-08,77.5325,134047960,76.41,77.5875,76.0725,AAPL
2020-05-07,75.935,115215040,75.805,76.2925,75.4925,AAPL
2020-05-06,75.1575,142333760,75.115,75.81,74.7175,AAPL
2020-05-05,74.39,147751200,73.765,75.25,73.615,AAPL
2020-05-04,73.29,133567960,72.2925,73.4225,71.5793,AAPL
